{
    "accuracy": 0.9987886423103014,
    "macro_f1": 0.9990768907160664,
    "status": "\u2705 EXCELLENT"
}